{"stats":{"minecraft:custom":{"minecraft:time_since_rest":780,"minecraft:play_one_minute":9869,"minecraft:sprint_one_cm":9800,"minecraft:deaths":2,"minecraft:damage_taken":502,"minecraft:walk_one_cm":13588,"minecraft:sneak_time":61,"minecraft:walk_under_water_one_cm":338,"minecraft:drop":2,"minecraft:jump":184,"minecraft:damage_dealt":496,"minecraft:leave_game":2,"minecraft:time_since_death":651,"minecraft:walk_on_water_one_cm":2225,"minecraft:swim_one_cm":6177,"minecraft:fly_one_cm":33189,"minecraft:fall_one_cm":1675,"minecraft:player_kills":2},"minecraft:mined":{"minecraft:large_fern":7,"minecraft:grass":5,"minecraft:ice":1,"extcaves:rock_flint":1,"minecraft:oak_leaves":1,"minecraft:fern":1},"minecraft:killed_by":{"minecraft:player":1},"minecraft:dropped":{"minecraft:wheat_seeds":1,"minecraft:flint":1},"minecraft:picked_up":{"minecraft:wheat_seeds":2,"minecraft:flint":2}},"DataVersion":2586}