{"stats":{"minecraft:custom":{"minecraft:jump":77,"minecraft:leave_game":1,"minecraft:time_since_rest":587,"minecraft:crouch_one_cm":11,"minecraft:damage_dealt":468,"minecraft:play_one_minute":7517,"minecraft:deaths":2,"minecraft:walk_on_water_one_cm":437,"minecraft:sprint_one_cm":18806,"minecraft:damage_taken":510,"minecraft:time_since_death":554,"minecraft:walk_one_cm":17986,"minecraft:sneak_time":10,"minecraft:walk_under_water_one_cm":252,"minecraft:swim_one_cm":2126,"minecraft:fall_one_cm":420,"minecraft:fly_one_cm":9351,"minecraft:player_kills":1},"minecraft:mined":{"minecraft:grass":1},"minecraft:killed_by":{"minecraft:player":2},"minecraft:picked_up":{"minecraft:wheat_seeds":1}},"DataVersion":2586}